STATEFP,COUNTYFP,COUSUBFP,COUSUBNS,GEOID,NAME,NAMELSAD,LSAD,CLASSFP,MTFCC,CNECTAFP,NECTAFP,NCTADVFP,FUNCSTAT,ALAND,AWATER,INTPTLAT,INTPTLON,HISTO_0,HISTO_11,HISTO_12,HISTO_21,HISTO_22,HISTO_23,HISTO_24,HISTO_31,HISTO_41,HISTO_42,HISTO_43,HISTO_52,HISTO_71,HISTO_81,HISTO_82,HISTO_90,HISTO_95
"30","047","94000","01940569","3004794000",Woods Bay-Rollins,Woods Bay-Rollins CCD,"22",Z5,G4040,,,,S,"1244455140","124185128","+47.7447498","-113.9229808","0","136322","147","10173","3989","1026","34","11919","20934","1129638","4606","120384","31682","13310","866","24712","10962"
"30","087","92491","01940680","3008792491",North of the Yellowstone,North of the Yellowstone CCD,"22",Z5,G4040,,,,S,"6907420086","28474203","+46.4862156","-106.8780844","0","28477","0","15458","8882","3268","307","11815","625","45393","0","3163018","3929239","34433","389810","17542","58308"
"30","087","92457","01940677","3008792457",Northern Cheyenne Reservation,Northern Cheyenne Reservation CCD,"22",Z5,G4040,,,,S,"981136702","59019","+45.5530652","-106.5319085","0","1171","0","4467","1929","877","195","31","59","295301","0","223858","532745","2489","1984","11258","13882"
"30","013","90231","01940568","3001390231",Belt,Belt CCD,"22",Z5,G4040,,,,S,"1260211081","2237898","+47.3713218","-110.9343972","0","2895","0","10250","6110","733","57","135","2770","97167","4933","483438","342520","20027","416683","9553","5442"
"30","013","91029","01940606","3001391029",Eden-Stockett,Eden-Stockett CCD,"22",Z5,G4040,,,,S,"1031536615","3307555","+47.2372472","-111.2076210","0","3978","0","6536","2525","257","46","164","38","231186","563","363925","330036","22825","176372","6734","4674"
"30","013","92373","01940674","3001392373",Monarch-Neihart,Monarch-Neihart CCD,"22",Z5,G4040,,,,S,"660220690","0","+47.0091584","-110.8081153","0","15","0","3422","1579","818","13","237","108","613081","3322","84844","24294","435","1269","135","2"
"30","017","92310","01940671","3001792310",Miles City,Miles City CCD,"22",Z5,G4040,,,,S,"668992444","9794088","+46.3661871","-105.9324905","0","13062","0","9534","10006","6946","1249","122","82","28995","0","185194","396974","9546","71561","7239","13689"
"30","017","92415","01940675","3001792415",North Custer,North Custer CCD,"22",Z5,G4040,,,,S,"1599817555","5275993","+46.6638510","-105.9214527","0","4878","0","6875","3321","461","35","578","79","4067","0","162153","1477382","7651","107419","947","7581"
"30","057","91680","01940641","3005791680",Harrison,Harrison CCD,"22",Z5,G4040,,,,S,"1305894260","3963328","+45.6453444","-111.8207431","0","6945","7","10916","2601","290","37","4388","825","344254","412","505124","441066","37507","81542","5065","14440"
"30","057","93045","01940705","3005793045",Sheridan,Sheridan CCD,"22",Z5,G4040,,,,S,"923446297","1514690","+45.3924577","-112.1618858","0","1919","4","11154","3982","901","81","1473","548","269349","157","316427","230419","80127","92689","3641","14847"
"30","071","91186","01940567","3007191186",Fort Belknap Reservation,Fort Belknap Reservation CCD,"22",Z5,G4040,,,,S,"490700097","4433274","+48.1894073","-108.3704846","0","5683","0","1923","684","31","4","713","1240","33554","55","99470","336971","18255","21556","6963","23049"
"30","071","93864","01940743","3007193864",Whitewater,Whitewater CCD,"22",Z5,G4040,,,,S,"3510848168","11675549","+48.7655050","-107.7023875","337","11812","0","23206","3042","284","22","1076","2567","437","14","778245","2270447","22403","735129","8854","56048"
"30","095","90693","01940590","3009590693",Columbus,Columbus CCD,"22",Z5,G4040,,,,S,"797168579","8314479","+45.6069634","-109.3211837","0","7223","0","6419","4331","3736","991","74","13","113019","0","271716","386757","26047","56552","14535","3607"
"30","107","91869","01940650","3010791869",Judith Gap-Shawmut,Judith Gap-Shawmut CCD,"22",Z5,G4040,,,,S,"1587460147","8342211","+46.4619638","-109.6074996","0","11234","0","6623","2346","827","101","641","289","18356","24","243769","1016386","73799","361541","14581","22603"
"30","047","91123","01940612","3004791123",Flathead Reservation,Flathead Reservation CCD,"22",Z5,G4040,,,,S,"2615824479","299372092","+47.5569415","-114.1663265","0","326247","1709","50337","35636","8953","1484","40497","3365","1007298","521","181939","716990","302086","485607","39467","36976"
"30","091","92709","01940692","3009192709",Plentywood,Plentywood CCD,"22",Z5,G4040,,,,S,"2073493509","4721295","+48.8200471","-104.7142329","4","6700","0","27381","12828","2967","429","933","5810","309","926","135530","885868","59080","1152784","1062","16528"
"30","091","92268","01940669","3009192268",Medicine Lake,Medicine Lake CCD,"22",Z5,G4040,,,,S,"1071633988","49849588","+48.5241402","-104.2795283","0","62815","0","19487","9422","1288","104","656","108","31","168","6729","366739","55923","683410","646","38583"
"30","091","91260","01940620","3009191260",Fort Peck Reservation,Fort Peck Reservation CCD,"22",Z5,G4040,,,,S,"502911767","0","+48.5592770","-104.6821834","0","540","0","5602","2805","222","18","109","645","0","52","18507","192104","16882","309799","591","10908"
"30","059","93843","01940742","3005993843",White Sulphur Springs,White Sulphur Springs CCD,"22",Z5,G4040,,,,S,"3468122672","3609953","+46.7448482","-111.1048062","0","5191","0","14799","5280","1345","236","2951","1264","1615295","752","1118088","851529","93232","113972","15007","18575"
"30","067","94019","02628701","3006794019",Yellowstone National Park,Yellowstone National Park CCD,"22",Z5,G4040,,,,S,"376083124","1307247","+45.0226823","-110.6170826","18","1663","0","538","428","169","5","1503","472","190728","13","183068","35193","0","32","2759","2715"
"30","071","92205","01940666","3007192205",Malta,Malta CCD,"22",Z5,G4040,,,,S,"4861745583","57273163","+48.3174250","-107.8973701","0","67298","0","38260","12317","2230","317","2297","35","626","1","1285483","2820050","171000","928247","13127","124334"
"30","031","94017","02628700","3003194017",Yellowstone National Park,Yellowstone National Park CCD,"22",Z5,G4040,,,,S,"260556113","958034","+44.8090839","-111.0770298","22","376","0","878","488","53","2","41","258","130410","6","113183","33564","0","0","5985","5322"
"30","053","92058","01940659","3005392058",Libby,Libby CCD,"22",Z5,G4040,,,,S,"4414811295","75492473","+48.3360026","-115.3383877","0","81110","1342","27988","19633","8274","812","24054","2513","3836769","2252","784972","161559","1757","95","19513","16630"
"30","053","93612","01940731","3005393612",Troy,Troy CCD,"22",Z5,G4040,,,,S,"2700402450","14055400","+48.6497620","-115.8348347","32","14792","22","17247","4937","1267","127","9254","583","2611902","1138","252931","82814","1089","50","9391","8449"
"30","031","90305","02583871","3003190305",Big Sky,Big Sky CCD,"22",Z5,G4040,,,,S,"1108129823","2861806","+45.2082173","-111.1286890","0","2157","0","9838","2363","944","63","2929","3028","938222","1139","200176","63817","26","0","5335","4377"
"30","043","90399","01940576","3004390399",Boulder,Boulder CCD,"22",Z5,G4040,,,,S,"2473063375","813627","+46.2951439","-112.1125856","0","1216","0","16652","10632","4302","353","4730","121","1741075","1068","399040","482974","37558","28173","10348","10512"
"30","043","93822","01940741","3004393822",Whitehall,Whitehall CCD,"22",Z5,G4040,,,,S,"1818181429","5810871","+45.9410291","-112.0806481","0","7550","0","14425","10689","3501","229","3421","9","649439","1038","363188","810282","68699","64357","9299","20543"
"30","111","91806","01940647","3011191806",Huntley Project,Huntley Project CCD,"22",Z5,G4040,,,,S,"879588795","12520977","+45.9383521","-107.9555593","0","16886","0","8653","15806","5411","380","311","73","48708","0","380337","229470","29453","208798","21639","25327"
"30","111","93024","01940704","3011193024",Shepherd,Shepherd CCD,"22",Z5,G4040,,,,S,"135349452","2096509","+45.9236882","-108.3547786","0","3474","0","6086","5908","1778","463","404","18","289","0","28231","28834","19246","43415","8040","6528"
"30","111","92426","01940579","3011192426",Northeast Yellowstone,Northeast Yellowstone CCD,"22",Z5,G4040,,,,S,"2309922185","9069903","+46.2216910","-107.9715965","0","9059","0","3594","2592","1436","157","173","38","76219","0","1322383","987640","16285","143813","6086","7183"
"30","111","93297","01940717","3011193297",South Yellowstone,South Yellowstone CCD,"22",Z5,G4040,,,,S,"1703612793","6263436","+45.6364909","-108.3957223","0","6719","0","12370","8019","4039","447","319","87","66849","7","979214","461357","8863","321765","23130","6683"
"30","111","91995","01940656","3011191995",Laurel,Laurel CCD,"22",Z5,G4040,,,,S,"181035154","3939995","+45.7033357","-108.7147290","0","5393","0","11708","14692","12405","5819","195","35","355","0","15745","16119","8682","93827","14646","5905"
"30","083","91113","01940610","3008391113",Fairview,Fairview CCD,"22",Z5,G4040,,,,S,"2113011727","20696402","+47.9935725","-104.6004133","2","25312","0","24330","11582","4399","365","1666","14520","4155","9842","202847","1377763","52662","583983","23711","33627"
"30","083","93108","01940708","3008393108",Sidney,Sidney CCD,"22",Z5,G4040,,,,S,"292422066","7547733","+47.7255987","-104.1780498","1","9011","0","5068","10071","6559","1922","634","1504","74","367","15644","145763","3214","118340","8644","6494"
"30","083","92982","01940702","3008392982",Savage-Crane,Savage-Crane CCD,"22",Z5,G4040,,,,S,"1145426935","15944999","+47.5075399","-104.2893724","3","19036","0","11788","8213","2376","180","1267","5937","2408","2009","136519","745905","8507","299357","22822","24081"
"30","083","91974","01940655","3008391974",Lambert,Lambert CCD,"22",Z5,G4040,,,,S,"1847456344","5399271","+47.7557087","-104.7292408","0","3209","0","22600","6652","2455","210","809","12081","1147","1299","135974","1160518","35893","666569","1785","7544"
"30","059","92247","01940668","3005992247",Martinsdale-Ringling,Martinsdale-Ringling CCD,"22",Z5,G4040,,,,S,"2726788642","3864628","+46.4309186","-110.6880773","0","3933","32","10701","2676","479","59","2019","1907","988077","626","722441","1113114","72226","93243","9680","12812"
"30","097","93213","01940713","3009793213",South of the Yellowstone,South of the Yellowstone CCD,"22",Z5,G4040,,,,S,"2000168457","6061851","+45.5391363","-110.0098375","0","10793","518","6392","7605","2780","519","9921","1569","674411","381","914766","500770","26796","27054","16144","28743"
"30","003","92436","01940676","3000392436",Northern Cheyenne Reservation,Northern Cheyenne Reservation CCD,"22",Z5,G4040,,,,S,"824346562","287807","+45.5103008","-106.8967800","0","99","0","4160","1264","201","21","9","2012","158473","48","357147","346516","9070","9881","18003","9341"
"30","003","90850","01940728","3000390850",Decker,Decker CCD,"22",Z5,G4040,,,,S,"1572723300","8937018","+45.1143356","-106.6580593","7","15534","0","8130","798","266","75","24913","755","139384","4","922977","617064","4478","2861","9354","10796"
"30","001","90273","01940570","3000190273",Big Hole Basin,Big Hole Basin CCD,"22",Z5,G4040,,,,S,"4294244805","7992526","+45.5728694","-113.4119222","3","7806","760","16471","3199","947","77","38083","1701","2589018","63","1144299","927227","13677","0","11103","25903"
"30","001","90924","01940601","3000190924",Dillon,Dillon CCD,"22",Z5,G4040,,,,S,"3519241340","3310198","+45.2583831","-112.7011325","0","4290","104","17211","15144","12721","1665","15285","247","772415","102","1150991","1515728","161175","223000","9348","14460"
"30","031","90189","01940566","3003190189",Belgrade,Belgrade CCD,"22",Z5,G4040,,,,S,"1852421117","3864296","+45.9604094","-111.0386719","0","1810","0","29247","18427","11148","2125","11510","1710","655903","1712","738731","249350","108451","206145","12006","14230"
"30","031","90420","01940577","3003190420",Bozeman,Bozeman CCD,"22",Z5,G4040,,,,S,"653714551","649065","+45.6429556","-110.9701781","0","537","0","34129","24160","17474","2975","1469","4248","358413","2251","120692","29429","63347","60681","3826","3429"
"30","031","93528","01940727","3003193528",Three Forks,Three Forks CCD,"22",Z5,G4040,,,,S,"748983793","10157291","+45.9000706","-111.4616341","0","7838","0","9367","5814","1750","395","116","43","65742","17","241306","323849","56097","103868","5965","21339"
"30","061","90042","01940559","3006190042",Alberton,Alberton CCD,"22",Z5,G4040,,,,S,"769572727","2200316","+46.9093590","-114.6466888","2","2521","4","1188","1757","1973","31","1083","16","540632","83","276857","21510","3113","2328","2175","2269"
"30","061","93759","01940738","3006193759",West End,West End CCD,"22",Z5,G4040,,,,S,"1155801176","2831407","+47.3460297","-115.3218988","1","2924","0","5633","4311","4449","621","5898","546","1112202","1185","122023","21123","587","801","1389","3646"
"30","097","92499","01940681","3009792499",North of the Yellowstone,North of the Yellowstone CCD,"22",Z5,G4040,,,,S,"2805464098","11577996","+45.9859181","-109.9061697","0","14358","510","10875","2298","848","81","13307","180","301855","188","711514","1807053","45291","134687","36845","50149"
"30","075","92583","01940686","3007592583",Otter,Otter CCD,"22",Z5,G4040,,,,S,"3579244284","459707","+45.3931978","-105.9874619","11","2456","0","13229","2503","442","31","151","171","556770","17","1382799","1884233","19711","58597","13584","42749"
"30","053","91071","01940608","3005391071",Eureka,Eureka CCD,"22",Z5,G4040,,,,S,"2241652199","71530801","+48.7940161","-115.0449964","69","75382","2","17453","9936","3552","440","2492","2210","1890584","3202","425584","109616","10150","2194","7313","9929"
"30","009","91827","01940648","3000991827",Joliet,Joliet CCD,"22",Z5,G4040,,,,S,"507099532","4607390","+45.5220240","-108.9914559","0","4620","0","6503","3409","914","189","121","44","37332","4","232795","137636","34726","85360","20553","4352"
"30","009","92772","01940694","3000992772",Red Lodge,Red Lodge CCD,"22",Z5,G4040,,,,S,"1776184535","16281900","+45.0870626","-109.5583968","3","17567","4893","14898","2911","1131","286","66866","16943","461311","1442","992456","297346","51619","21431","29257","11287"
"30","107","91659","01940640","3010791659",Harlowton,Harlowton CCD,"22",Z5,G4040,,,,S,"2096748526","4668714","+46.4953430","-110.0535337","0","5818","0","14436","3419","2018","324","837","26","284346","180","274349","1341616","81107","240854","28249","57320"
"30","049","91722","01940643","3004991722",Helena,Helena CCD,"22",Z5,G4040,,,,S,"795748218","29865182","+46.6008083","-112.0418379","0","32226","0","23532","36335","28241","6357","834","15","297455","740","85456","281311","37160","80942","3118","3632"
"30","049","90105","01940562","3004990105",Augusta,Augusta CCD,"22",Z5,G4040,,,,S,"3443246565","22730170","+47.4595887","-112.6049430","0","15631","132","8412","3612","526","137","111864","1453","1102686","4045","1662044","781355","15231","105028","13488","25425"
"30","049","93990","01940749","3004993990",Wolf Creek,Wolf Creek CCD,"22",Z5,G4040,,,,S,"1890592237","43641135","+46.9417621","-111.9370610","0","47458","0","8476","7630","3102","190","210","970","896092","20460","553655","580001","5932","20993","3536","437"
"30","021","91491","01940632","3002191491",Glendive,Glendive CCD,"22",Z5,G4040,,,,S,"2545303979","22690547","+47.0758043","-104.7569039","0","26044","0","14860","17026","7818","2252","2289","23138","55448","6620","331948","1984081","37629","312143","15373","16669"
"30","021","92782","01940597","3002192782",Richey,Richey CCD,"22",Z5,G4040,,,,S,"3598560295","6589417","+47.4266047","-104.9833844","0","8734","0","27264","10541","1924","102","681","34147","11343","2613","317358","2136524","60559","1362083","15143","16692"
"30","081","93339","01940719","3008193339",Stevensville,Stevensville CCD,"22",Z5,G4040,,,,S,"951586078","4055027","+46.5460354","-114.0703374","2","5277","122","23694","12207","2276","571","1521","44","381957","13","251474","201497","120142","24166","4508","32383"
"30","015","90294","01940571","3001590294",Big Sandy,Big Sandy CCD,"22",Z5,G4040,,,,S,"3653110082","18124126","+48.0527038","-110.0703080","0","19043","0","33235","12224","1456","100","795","14841","79853","2586","527600","1557087","55008","1700615","42210","32516"
"30","015","91386","01940626","3001591386",Geraldine,Geraldine CCD,"22",Z5,G4040,,,,S,"2350665947","16057154","+47.5240798","-110.4196559","0","18206","0","20993","10153","910","49","1395","4628","174389","5258","629200","744629","48070","897564","13781","60447"
"30","103","93255","01940715","3010393255",South Treasure,South Treasure CCD,"22",Z5,G4040,,,,S,"1306836082","1868393","+46.0847587","-107.1946986","0","1592","0","3944","3360","1263","209","56","637","295502","0","493257","553252","14232","59106","7199","20508"
"30","015","91197","01940617","3001591197",Fort Benton,Fort Benton CCD,"22",Z5,G4040,,,,S,"4284997042","28436323","+47.9002935","-110.8054090","0","31254","0","56272","17580","1874","241","1098","1","110","2","326367","1418755","114424","2771835","16689","36214"
"30","109","92667","01940690","3010992667",Pine Hill-St. Phillips,Pine Hill-St. Phillips CCD,"22",Z5,G4040,,,,S,"1198636947","951332","+46.7851582","-104.2744519","1","957","0","11235","2131","595","40","314","6056","64249","6115","285587","609481","60830","280350","2261","2674"
"30","109","93885","01940744","3010993885",Wibaux,Wibaux CCD,"22",Z5,G4040,,,,S,"1102851756","805518","+47.1448422","-104.1675868","6","1526","0","8307","3311","1484","128","205","6763","3764","1204","341356","682792","23284","149972","875","1304"
"30","037","92940","01940701","3003792940",Ryegate,Ryegate CCD,"22",Z5,G4040,,,,S,"932579789","254451","+46.2179150","-109.3518681","0","2060","0","4372","1780","429","84","1101","0","15500","0","229369","564697","17047","184605","6521","8919"
"30","037","92016","01940657","3003792016",Lavina,Lavina CCD,"22",Z5,G4040,,,,S,"2109160625","2367341","+46.4545994","-109.0991765","0","5369","0","6056","1369","426","69","661","1031","223296","77","546103","1243653","37915","249986","12752","17385"
"30","039","92625","01940688","3003992625",Philipsburg,Philipsburg CCD,"22",Z5,G4040,,,,S,"2511545335","12902686","+46.2616853","-113.4252169","0","14026","14","10721","4083","1117","107","6542","472","1683326","209","616458","369037","79457","1856","9932","7580"
"30","055","92487","01940679","3005592487",North McCone,North McCone CCD,"22",Z5,G4040,,,,S,"3787972467","79503109","+47.8827612","-105.7669743","0","89626","0","22003","7587","1576","109","3933","4690","4774","227","846221","2086647","32670","1141298","24494","31320"
"30","073","90714","01940591","3007390714",Conrad,Conrad CCD,"22",Z5,G4040,,,,S,"1911907877","2015047","+48.1521811","-111.8162928","0","1810","0","37607","14401","2384","418","503","2","15","0","52705","392531","43941","1572311","1132","6826"
"30","005","91638","01940639","3000591638",Harlem,Harlem CCD,"22",Z5,G4040,,,,S,"3116361026","2958134","+48.7619597","-108.6249754","11","9532","0","27290","8403","818","109","475","8","154","0","444169","1534557","78549","1282773","10027","69014"
"30","005","91176","01940616","3000591176",Fort Belknap,Fort Belknap CCD,"22",Z5,G4040,,,,S,"2299324620","7313328","+48.1913875","-108.6821527","0","8784","0","8218","5210","464","32","557","3563","91603","384","528575","1467602","53692","299186","31273","63808"
"30","073","93675","01940734","3007393675",Valier-Dupuyer,Valier-Dupuyer CCD,"22",Z5,G4040,,,,S,"1647941709","28241445","+48.2770950","-112.5763779","0","26848","15","16096","3442","894","121","43374","6249","168821","16745","374648","516097","43150","611368","12272","22301"
"30","027","91512","01940633","3002791512",Grass Range,Grass Range CCD,"22",Z5,G4040,,,,S,"2016948770","1028956","+46.9298732","-108.9365621","0","2127","0","6475","2203","86","0","151","28477","429618","1031","813445","710887","13743","152874","45213","35868"
"30","027","93927","01940746","3002793927",Winifred,Winifred CCD,"22",Z5,G4040,,,,S,"1803295535","13981118","+47.6246664","-109.2304046","0","14984","0","6601","2574","225","4","266","0","220827","0","775117","619792","16248","345284","8482","8808"
"30","027","92898","01940699","3002792898",Roy,Roy CCD,"22",Z5,G4040,,,,S,"2244604907","7836105","+47.4116007","-108.6552887","0","8056","0","2869","2628","96","3","333","1152","138917","22","1345931","816965","12343","138635","15471","19285"
"30","027","91596","01940637","3002791596",Hanover,Hanover CCD,"22",Z5,G4040,,,,S,"1543194779","1091456","+47.2833996","-109.4743540","0","2476","0","10913","1778","156","3","149","7002","210292","794","593501","428008","10453","394024","35293","21074"
"30","063","91304","01940622","3006391304",Frenchtown-Wye,Frenchtown-Wye CCD,"22",Z5,G4040,,,,S,"860164852","5227862","+47.0982589","-114.3911646","0","4008","0","9801","8697","4978","773","1398","291","613355","369","145058","85916","45461","24822","4156","12421"
"30","063","93003","01940703","3006393003",Seeley Lake-Blackfoot Valley,Seeley Lake-Blackfoot Valley CCD,"22",Z5,G4040,,,,S,"2602194558","43020804","+47.2167724","-113.5930004","0","39325","2379","16480","4489","1224","119","60412","8523","2027418","3593","421234","264876","21413","7144","52540","7953"
"30","063","92142","01940663","3006392142",Lolo,Lolo CCD,"22",Z5,G4040,,,,S,"1389476207","5744589","+46.8032477","-114.3480677","1","7052","1","15154","13112","4211","506","254","82","1037280","106","286401","136948","14895","3608","5330","25302"
"30","025","92730","01940693","3002592730",Plevna,Plevna CCD,"22",Z5,G4040,,,,S,"1797862746","1378742","+46.3819924","-104.6598538","0","1253","0","6077","1857","586","60","121","436","12992","177","438160","1305656","24965","198541","1804","6477"
"30","063","91128","01940611","3006391128",Flathead Reservation,Flathead Reservation CCD,"22",Z5,G4040,,,,S,"421213978","2178384","+47.1224749","-113.9107306","0","1756","0","1673","631","238","14","2657","148","359710","111","27060","58202","8926","6093","2319","889"
"30","063","92331","01940672","3006392331",Missoula,Missoula CCD,"22",Z5,G4040,,,,S,"1442927757","8299962","+46.8547043","-113.8526238","0","7130","3","20295","34367","31753","6868","4191","257","940138","1628","374190","137923","23486","9547","6918","13782"
"30","001","90651","01940588","3000190651",Clark Canyon-Horse Prairie,Clark Canyon-Horse Prairie CCD,"22",Z5,G4040,,,,S,"3232237765","20300977","+44.9461548","-113.0482657","3","20434","0","10248","6557","4871","203","2144","62","765482","1","1463850","1188633","118450","5893","6505","20637"
"30","001","92079","01940660","3000192079",Lima-Centennial Valley,Lima-Centennial Valley CCD,"22",Z5,G4040,,,,S,"3309770399","46741871","+44.6490915","-112.2859960","26","48804","0","14464","3286","2097","86","895","1996","561900","538","2359559","454945","34136","5115","27071","214557"
"30","111","90315","01940572","3011190315",Billings,Billings CCD,"22",Z5,G4040,,,,S,"145072748","3442543","+45.7932363","-108.5273336","0","4770","0","20325","25041","50057","24780","159","10","1802","0","9697","7140","1743","8729","8105","2648"
"30","111","92541","01940684","3011192541",Northwest Yellowstone,Northwest Yellowstone CCD,"22",Z5,G4040,,,,S,"1466149890","2531198","+45.9512553","-108.7039726","0","21686","0","14993","9420","6146","901","2454","5","47744","0","639301","481094","48069","343643","2080","14322"
"30","011","90052","01940662","3001190052",Alzada-Boyes,Alzada-Boyes CCD,"22",Z5,G4040,,,,S,"5932742005","16793537","+45.3669738","-104.5662452","3","13802","0","16958","7272","1372","62","1928","1522","97771","40","1989649","3999854","79007","332059","14304","55004"
"30","103","92520","01940683","3010392520",North Treasure,North Treasure CCD,"22",Z5,G4040,,,,S,"1225655953","15281568","+46.3392193","-107.3958369","0","21128","0","3074","3634","1017","105","3841","64","50995","0","755995","390043","3762","93478","16572","35115"
"30","003","90756","01940593","3000390756",Crow Reservation,Crow Reservation CCD,"22",Z5,G4040,,,,S,"8309614163","31467924","+45.3618371","-107.6766006","0","35280","0","38279","23486","5574","603","2739","72419","913276","1281","3456886","3333242","85945","903642","233437","161786"
"30","003","91617","01940638","3000391617",Hardin,Hardin CCD,"22",Z5,G4040,,,,S,"2235735244","8563672","+45.8430870","-107.5347703","0","6831","0","9554","9066","5936","1402","5089","218","242057","10","841906","981752","21381","325683","11900","30877"
"30","013","90525","01940582","3001390525",Cascade,Cascade CCD,"22",Z5,G4040,,,,S,"2028103699","11654200","+47.0748475","-111.6883679","0","14047","0","8444","5230","2572","133","720","382","436442","16659","781861","796234","24090","156262","9035","14260"
"30","013","91533","01940634","3001391533",Great Falls,Great Falls CCD,"22",Z5,G4040,,,,S,"516437125","10126293","+47.4558083","-111.4565730","0","11180","0","22345","34026","32685","8822","1375","5","17","1","54781","180609","15725","209505","8043","5986"
"30","013","93423","01940722","3001393423",Sun River Valley,Sun River Valley CCD,"22",Z5,G4040,,,,S,"728090877","406164","+47.4902478","-111.8199731","0","3568","0","13999","6478","1003","88","432","3","367","130","192246","317384","29691","220025","11816","12173"
"30","013","91554","01940635","3001391554",Great Falls North,Great Falls North CCD,"22",Z5,G4040,,,,S,"763676553","6625982","+47.6194802","-111.3369441","0","8086","0","14376","10153","3647","718","1356","0","8","0","50914","256235","25257","454577","912","29684"
"30","067","91365","01940625","3006791365",Gardiner-Cooke City,Gardiner-Cooke City CCD,"22",Z5,G4040,,,,S,"1915232146","12184566","+45.1045153","-110.5189936","2","14154","1603","4037","2653","1119","59","23248","4101","883535","616","939620","238615","3211","5121","12116","7782"
"30","067","93066","01940706","3006793066",Shields Valley,Shields Valley CCD,"22",Z5,G4040,,,,S,"2059512147","4474559","+45.9431341","-110.5519329","0","5699","1219","21114","4876","696","85","22594","4344","522469","832","770840","699391","71064","145944","11530","10640"
"30","067","92131","01940733","3006792131",Livingston,Livingston CCD,"22",Z5,G4040,,,,S,"2908397086","9059241","+45.4219048","-110.5327983","0","13426","562","17834","12984","7442","857","24095","6527","1327237","1915","1130198","560011","36598","68403","14120","19400"
"30","073","90357","01940574","3007390357",Blackfeet Reservation East,Blackfeet Reservation East CCD,"22",Z5,G4040,,,,S,"352114673","9965513","+48.4161085","-112.4044230","0","7900","0","2190","678","78","4","2922","14","6","0","48908","189143","7257","134342","1580","7289"
"30","073","90378","01940575","3007390378",Blackfeet Reservation West,Blackfeet Reservation West CCD,"22",Z5,G4040,,,,S,"295644648","3758126","+48.2670237","-112.7813678","0","2771","0","2277","1252","177","11","846","37994","22795","10569","161386","76622","1903","4487","4960","4643"
"30","051","90567","01940584","3005190567",Chester,Chester CCD,"22",Z5,G4040,,,,S,"2901355960","43623892","+48.5267604","-111.0756602","19","54841","0","59867","8163","1358","162","660","40","13119","61","340163","812979","87316","1874526","4572","14338"
"30","065","92289","01940670","3006592289",Melstone,Melstone CCD,"22",Z5,G4040,,,,S,"1579266981","554325","+46.4973717","-108.0440428","0","2710","0","5098","2162","563","63","622","0","207906","0","758872","690905","10803","53103","9906","12640"
"30","069","93969","01940748","3006993969",Winnett South,Winnett South CCD,"22",Z5,G4040,,,,S,"1595080152","4704653","+46.8609311","-108.2371291","0","6295","0","5102","2031","267","1","297","27","12650","0","707400","746598","17538","247107","10567","21657"
"30","069","93948","01940747","3006993948",Winnett North,Winnett North CCD,"22",Z5,G4040,,,,S,"2692967675","44222665","+47.2681620","-108.1665661","0","43842","0","1817","623","18","0","4707","54","277364","0","1407999","1107428","8899","163101","8679","16816"
"30","041","92814","01940696","3004192814",Rocky Boy's,Rocky Boy's CCD,"22",Z5,G4040,,,,S,"577020453","881021","+48.3137960","-109.8314994","0","1413","0","4785","2484","199","26","25","18342","48189","2528","205769","188077","1560","129154","29593","9970"
"30","041","91428","01940628","3004191428",Gildford,Gildford CCD,"22",Z5,G4040,,,,S,"1982484960","17553697","+48.5883918","-110.2266995","0","16123","0","49474","6529","947","87","1525","0","14","0","62574","307248","56319","1706742","929","13737"
"30","041","93906","01940745","3004193906",Wild Horse Lake,Wild Horse Lake CCD,"22",Z5,G4040,,,,S,"2216879950","21330147","+48.8237218","-109.8448792","36","19421","0","31367","8169","719","45","20080","0","51","0","290610","609327","66452","1359208","3878","77573"
"30","035","91460","01940630","3003591460",Glacier National Park,Glacier National Park CCD,"22",Z5,G4040,,,,S,"1596324982","43283434","+48.7486560","-113.5947839","34","49029","12574","2173","549","187","56","344628","30507","814542","56419","407172","97768","1018","113","4627","399"
"30","039","90945","01940602","3003990945",Drummond,Drummond CCD,"22",Z5,G4040,,,,S,"1961782908","1644397","+46.5917311","-113.4136144","0","2163","0","10375","4986","2310","97","44","343","1161307","252","436072","434170","73404","30725","9343","16021"
"30","035","90336","01940573","3003590336",Blackfeet Reservation,Blackfeet Reservation CCD,"22",Z5,G4040,,,,S,"5495202376","57607679","+48.6997736","-112.9032804","303","48529","43","45301","13951","4069","402","10535","242019","249791","66763","985321","2915665","73242","1321623","70689","121559"
"30","035","90777","01940594","3003590777",Cut Bank,Cut Bank CCD,"22",Z5,G4040,,,,S,"665221220","5248850","+48.7543083","-112.2752741","5","3718","0","15068","3912","2215","488","511","0","11","0","36362","173792","34915","467809","55","6083"
"30","057","92184","01940665","3005792184",Madison Valley,Madison Valley CCD,"22",Z5,G4040,,,,S,"3562069293","30803398","+45.1408722","-111.6007522","2","33195","104","21236","6786","2968","397","31050","13392","1518258","3694","1370500","848623","21867","51037","19912","49074"
"30","057","93717","01940736","3005793717",Virginia City,Virginia City CCD,"22",Z5,G4040,,,,S,"1976151065","2936835","+45.0664545","-112.1123593","0","2729","4","6371","1840","611","23","3139","2668","550951","915","1128461","462393","17492","8752","5059","7557"
"30","057","93633","01940732","3005793633",Twin Bridges,Twin Bridges CCD,"22",Z5,G4040,,,,S,"1525753045","598585","+45.6289054","-112.3769709","0","4946","0","12385","8702","1425","163","1314","161","302793","141","357871","710972","171964","88844","13692","20599"
"30","099","90609","01940586","3009990609",Choteau,Choteau CCD,"22",Z5,G4040,,,,S,"4007270832","32882520","+47.8788936","-112.4229532","0","32872","9","34181","7638","1654","368","155494","3008","630671","17218","957447","1437793","115233","954980","61142","79358"
"30","099","90966","01940603","3009990966",Dutton-Power,Dutton-Power CCD,"22",Z5,G4040,,,,S,"1136991404","124333","+47.8280935","-111.6498682","0","501","0","23892","8772","1115","119","3017","10","16","2","71678","340904","22454","782046","2656","6271"
"30","099","91092","01940609","3009991092",Fairfield,Fairfield CCD,"22",Z5,G4040,,,,S,"739162984","19651058","+47.6162579","-112.1199606","0","25167","0","13170","6386","1236","194","1656","0","56","1","156308","294838","20444","304463","4103","15102"
"30","101","93402","01940721","3010193402",Sunburst,Sunburst CCD,"22",Z5,G4040,,,,S,"2314877622","33897745","+48.8074125","-111.7098856","576","9155","0","29996","6426","1968","189","15334","84","11670","17","384524","1020322","103291","1003379","1922","20901"
"30","041","91701","01940642","3004191701",Havre,Havre CCD,"22",Z5,G4040,,,,S,"862574736","900107","+48.4247861","-109.6564579","0","3892","0","11444","9915","4794","1265","109","8553","42375","1483","240588","370070","9157","209873","28557","17335"
"30","041","92919","01940700","3004192919",Rudyard,Rudyard CCD,"22",Z5,G4040,,,,S,"1870355954","3536900","+48.6232503","-110.5888532","23","3240","0","47289","7440","701","55","496","0","0","0","57012","265312","222044","1472262","658","5574"
"30","077","91743","01940644","3007791743",Helmville,Helmville CCD,"22",Z5,G4040,,,,S,"3279333696","13130154","+47.1178770","-113.0583852","0","14059","1","12167","3171","524","22","42257","909","1802512","1090","614002","978935","59023","25482","77975","26164"
"30","101","93014","01940714","3010193014",Shelby,Shelby CCD,"22",Z5,G4040,,,,S,"2645007898","44111795","+48.4916196","-111.6426222","0","39492","0","39033","9594","3497","537","3902","0","24","0","159596","773397","143231","1792245","4263","19092"
"30","049","92100","01940661","3004992100",Lincoln,Lincoln CCD,"22",Z5,G4040,,,,S,"2827996793","4840534","+47.0134320","-112.5229391","0","1973","106","12465","9337","2991","250","35054","286","1664318","4155","660417","677554","24033","8230","37113","9317"
"30","045","91785","01940646","3004591785",Hobson,Hobson CCD,"22",Z5,G4040,,,,S,"2530595483","1443805","+46.8686130","-110.1837832","0","2295","0","19553","4132","362","7","1739","118","1057871","3421","532140","558299","39409","563139","5948","24995"
"30","079","93486","01940725","3007993486",Terry South,Terry South CCD,"22",Z5,G4040,,,,S,"1879252902","6754311","+46.7025636","-105.0308357","0","10492","0","10525","8628","2052","199","86","4684","20561","1994","159943","1643237","30804","192608","3203","6559"
"30","079","93465","01940724","3007993465",Terry North,Terry North CCD,"22",Z5,G4040,,,,S,"2618527452","8338621","+46.9924545","-105.8539502","0","9169","0","11506","4923","1083","53","433","4495","46316","309","175178","2450284","63318","144902","1785","4963"
"30","077","90126","01940563","3007790126",Avon-Elliston,Avon-Elliston CCD,"22",Z5,G4040,,,,S,"1943103401","1160889","+46.5876219","-112.6772904","0","1638","1","9373","4596","1778","174","227","215","1018019","474","402226","594777","89036","7648","14623","15461"
"30","077","90861","01940598","3007790861",Deer Lodge,Deer Lodge CCD,"22",Z5,G4040,,,,S,"802011104","1929765","+46.3664828","-112.7725009","0","2365","8","9969","5649","2972","431","2531","129","285333","135","131655","312581","80003","41437","7403","10685"
"30","007","93591","01940730","3000793591",Townsend West,Townsend West CCD,"22",Z5,G4040,,,,S,"1462874648","58529135","+46.2173131","-111.6209986","0","64738","0","11833","10732","2494","337","90","44","201352","49","322492","797848","71112","192038","4613","10679"
"30","023","93728","01940599","3002393728",Warm Springs,Warm Springs CCD,"22",Z5,G4040,,,,S,"469501306","2754143","+46.2020906","-112.7892505","0","8470","0","6322","4037","2073","146","11065","20","116697","1","151689","142044","28491","26920","6654","20083"
"30","023","90063","01940560","3002390063",Anaconda,Anaconda CCD,"22",Z5,G4040,,,,S,"1438495825","9445098","+46.0175935","-113.1768441","0","10822","149","11023","5434","5546","1062","17977","464","931575","50","368488","224343","6399","2176","10007","13265"
"30","081","90819","01940596","3008190819",Darby,Darby CCD,"22",Z5,G4040,,,,S,"590690724","7229409","+46.0109447","-114.3696839","0","7937","616","4438","2215","563","146","3155","42","304925","32","208964","104459","17504","318","1720","7341"
"30","081","93380","01940720","3008193380",Sula,Sula CCD,"22",Z5,G4040,,,,S,"2559836706","6379996","+45.7511514","-114.1787414","9","4398","648","5340","2301","837","75","4172","420","1697305","22","874901","229837","18199","87","7729","5093"
"30","081","91575","01940636","3008191575",Hamilton,Hamilton CCD,"22",Z5,G4040,,,,S,"1794599728","4744638","+46.2215108","-114.0870706","3","4791","222","25494","16192","4579","1538","2955","21","911529","3","578428","270616","133829","17901","3409","27732"
"30","081","93696","01940735","3008193696",Victor,Victor CCD,"22",Z5,G4040,,,,S,"295903933","1837951","+46.4151125","-114.2520690","0","1917","15","6013","2753","539","184","720","8","128223","0","90547","43634","32525","5147","2301","16298"
"30","095","90021","01940558","3009590021",Absarokee,Absarokee CCD,"22",Z5,G4040,,,,S,"1539356074","6497979","+45.3766476","-109.7502143","0","8818","2117","2276","1140","671","206","41088","6747","422493","478","603151","550772","46338","4023","18035","9252"
"30","095","92510","01940682","3009592510",North Stillwater,North Stillwater CCD,"22",Z5,G4040,,,,S,"1984102831","6448922","+45.9236335","-109.2097015","0","28153","0","15142","3961","1673","275","1111","2","66194","0","300526","1249982","59228","458802","3070","23586"
"30","095","92604","01940687","3009592604",Park City,Park City CCD,"22",Z5,G4040,,,,S,"332657446","2737589","+45.6512509","-108.9966430","0","3199","0","3386","3354","1775","103","145","55","41042","0","79795","162123","8185","58288","8793","2409"
"30","065","92877","01940698","3006592877",Roundup,Roundup CCD,"22",Z5,G4040,,,,S,"2228264481","6498771","+46.5878545","-108.5864454","0","13145","0","5492","3469","1493","360","861","0","70442","5","783802","1317484","38563","229253","6831","11853"
"30","065","91953","01940654","3006591953",Klein,Klein CCD,"22",Z5,G4040,,,,S,"1033040863","71023","+46.3055530","-108.5237042","0","1617","0","5380","1374","495","61","263","6","450831","0","367492","234138","8529","64382","7850","5496"
"30","007","93570","01940729","3000793570",Townsend East,Townsend East CCD,"22",Z5,G4040,,,,S,"1625253454","60014343","+46.4265064","-111.3745215","0","70284","0","12570","9675","2278","349","1603","159","634716","463","476942","444045","26928","176700","5164","10627"
"30","045","91407","01940627","3004591407",Geyser,Geyser CCD,"22",Z5,G4040,,,,S,"1422819718","352141","+47.2368095","-110.5092267","0","723","0","4795","2808","272","8","271","1530","239296","9647","438577","680785","16491","165949","5141","15007"
"30","045","93318","01940718","3004593318",Stanford,Stanford CCD,"22",Z5,G4040,,,,S,"889051482","270785","+47.1529124","-110.1273274","0","496","0","8988","5091","518","22","14","26","15845","1679","186044","317201","29285","399646","1853","21429"
"30","071","93223","01940689","3007193223",South Phillips,South Phillips CCD,"22",Z5,G4040,,,,S,"4450427634","112167198","+47.7051953","-108.0728185","0","111543","0","3409","2236","71","0","6597","808","325032","245","2313158","2129061","42116","69426","20300","45494"
"30","105","91281","01940621","3010591281",Fort Peck Reservation,Fort Peck Reservation CCD,"22",Z5,G4040,,,,S,"2906955451","11028235","+48.3622987","-106.1457388","0","11899","0","37206","7890","1209","50","768","2697","1734","677","290018","1418005","83140","1304407","46682","35829"
"30","105","92562","01940685","3010592562",Opheim,Opheim CCD,"22",Z5,G4040,,,,S,"1532819772","687147","+48.8202584","-106.3288696","245","2655","0","20621","2434","283","26","39","1895","1037","119","105848","524608","104263","905297","21051","13473"
"30","105","91470","01940631","3010591470",Glasgow,Glasgow CCD,"22",Z5,G4040,,,,S,"1394407937","1102476","+48.4171994","-106.5919225","0","3146","0","15011","9267","3568","1685","135","300","253","12","183199","993683","8963","294908","19142","17311"
"30","105","93276","01940716","3010593276",South Valley,South Valley CCD,"22",Z5,G4040,,,,S,"3453213473","331031414","+47.9203576","-107.0362354","0","363624","0","9871","4130","824","65","434","342","59801","8","1852572","1584480","24275","270161","12640","21461"
"30","009","91323","01940623","3000991323",Fromberg-Bridger,Fromberg-Bridger CCD,"22",Z5,G4040,,,,S,"378526165","1669851","+45.3027169","-109.0029469","0","1755","0","3558","2514","824","164","134","98","7484","12","294033","34595","26027","42140","4572","4554"
"30","027","92037","01940658","3002792037",Lewistown,Lewistown CCD,"22",Z5,G4040,,,,S,"2049389033","919071","+46.8392110","-109.4404443","0","1704","0","23855","8232","3052","202","187","68872","617291","5604","675716","244905","24785","523971","49867","29866"
"30","027","90903","01940600","3002790903",Denton,Denton CCD,"22",Z5,G4040,,,,S,"1581377544","2843616","+47.4088256","-109.8421105","0","3975","0","11475","4115","399","14","87","9","33800","4","426364","554408","23335","661224","13341","27652"
"30","029","91118","02378354","3002991118",Flathead Reservation,Flathead Reservation CCD,"22",Z5,G4040,,,,S,"120623047","0","+47.8447148","-114.5727222","0","0","0","669","525","155","2","223","2","29165","0","25527","70266","6652","442","114","269"
"30","055","90630","01940587","3005590630",Circle,Circle CCD,"22",Z5,G4040,,,,S,"3055291064","23590020","+47.3817598","-105.8547594","0","25868","0","15531","6542","2400","238","1355","1855","2739","182","268393","2130939","54436","902234","908","7348"
"30","093","90487","01940710","3009390487",Butte-Silver Bow South,Butte-Silver Bow South CCD,"22",Z5,G4040,,,,S,"905587366","822148","+45.8034290","-112.6780596","0","923","0","4187","3137","1053","17","661","62","548241","1106","193961","235103","11212","5359","1339","798"
"30","093","90483","01940580","3009390483",Butte,Butte CCD,"22",Z5,G4040,,,,S,"444946950","321304","+45.9636261","-112.5348679","0","5129","23","17905","14015","19617","3782","16583","5","197578","63","84011","132362","1927","0","868","860"
"30","093","90485","01940709","3009390485",Butte-Silver Bow Northwest,Butte-Silver Bow Northwest CCD,"22",Z5,G4040,,,,S,"509029995","378708","+46.0355229","-112.7158566","0","346","0","4675","3352","1744","491","551","98","299876","16","102385","143206","4232","1966","987","2080"
"30","061","93444","01940723","3006193444",Superior,Superior CCD,"22",Z5,G4040,,,,S,"1233429608","4865483","+47.0947233","-114.9232492","0","5179","70","1594","2203","2569","79","2027","63","986929","1019","277080","92628","1601","1134","729","1019"
"30","031","91344","01940624","3003191344",Gallatin Gateway,Gallatin Gateway CCD,"22",Z5,G4040,,,,S,"634434024","2562154","+45.5180536","-111.1639214","0","2529","1","12338","4161","1297","222","1258","3443","308271","966","165171","77090","30679","89290","5687","5386"
"30","031","93780","01940739","3003193780",West Yellowstone,West Yellowstone CCD,"22",Z5,G4040,,,,S,"1023570685","52472312","+44.8562940","-111.2162563","2","56496","0","7671","3565","2606","298","2000","2616","753821","313","236411","94463","0","0","20353","14977"
"30","031","92226","01940667","3003192226",Manhattan,Manhattan CCD,"22",Z5,G4040,,,,S,"464401414","1712155","+45.7446506","-111.3736407","0","1129","0","9126","7382","2222","527","183","3","1146","0","47993","114174","47410","274703","4263","7635"
"30","017","93160","01940673","3001793160",South Custer,South Custer CCD,"22",Z5,G4040,,,,S,"5132340100","6219757","+46.0633196","-105.6274476","0","15487","0","12544","4246","743","45","210","287","287664","20","1688973","3359121","66822","197632","11538","64192"
"30","017","93087","01940707","3001793087",Shirley-Ismay,Shirley-Ismay CCD,"22",Z5,G4040,,,,S,"2397663239","4232824","+46.3854404","-105.2063533","0","11264","0","4768","4075","521","27","188","160","149444","51","496485","1855707","15256","94692","5067","31077"
"30","085","91008","01940605","3008591008",East Roosevelt,East Roosevelt CCD,"22",Z5,G4040,,,,S,"1575889526","14634631","+48.2229029","-104.3277411","0","17388","0","16913","12125","3923","474","1848","2161","637","1299","56370","923181","55100","607271","9256","59321"
"30","019","92992","01940595","3001992992",Scobey,Scobey CCD,"22",Z5,G4040,,,,S,"3108219553","753703","+48.8167064","-105.5735853","13","4913","0","32318","11894","2215","300","244","4229","213","76","226204","1165943","201408","1721548","21579","61329"
"30","019","91218","01940618","3001991218",Fort Peck Reservation,Fort Peck Reservation CCD,"22",Z5,G4040,,,,S,"585138031","267994","+48.6126257","-105.5085550","0","712","0","4662","1746","202","13","59","159","0","0","29423","182703","38667","376190","4126","11782"
"30","091","93738","01940737","3009193738",Westby,Westby CCD,"22",Z5,G4040,,,,S,"692263599","20508261","+48.8510251","-104.2244805","0","17775","0","10793","4712","666","64","2621","57","6","1","4759","287675","16041","432462","258","14062"
"30","105","91764","01940645","3010591764",Hinsdale,Hinsdale CCD,"22",Z5,G4040,,,,S,"3471146445","7621311","+48.6145440","-106.9353727","24","14473","0","20462","7074","773","66","1078","1809","3018","244","650478","2595920","50293","453001","30477","36110"
"30","085","91239","01940619","3008591239",Fort Peck Reservation,Fort Peck Reservation CCD,"22",Z5,G4040,,,,S,"4522040783","23186172","+48.3176931","-105.3053777","0","36765","0","32457","28088","8018","1235","2578","10410","122","638","179515","2009988","160346","2350411","66774","162916"
"30","033","92478","01940678","3003392478",North Garfield,North Garfield CCD,"22",Z5,G4040,,,,S,"6564830097","441779466","+47.4602771","-107.1252792","0","495143","0","9142","2231","837","69","1853","281","324337","5","1979936","4290170","77997","577115","8750","17259"
"30","033","93192","01940712","3003393192",South Garfield,South Garfield CCD,"22",Z5,G4040,,,,S,"5547400779","5087281","+47.0630958","-106.8418859","0","11065","0","31541","3716","1641","111","1935","181","16177","5","1365567","3972773","86488","669878","1815","6511"
"30","011","91050","01940607","3001191050",Ekalaka,Ekalaka CCD,"22",Z5,G4040,,,,S,"2719054920","2705571","+45.8599829","-104.4651679","14","2398","0","10808","3688","769","68","145","2691","163321","447","1120256","1312814","38747","345952","4443","17610"
"30","029","90735","01940592","3002990735",Creston-Bigfork,Creston-Bigfork CCD,"22",Z5,G4040,,,,S,"352445695","60345381","+48.1251433","-114.0655066","0","66421","0","17697","6781","2040","236","490","4702","192674","589","17787","6623","37058","75508","23238","6801"
"30","029","91890","01940651","3002991890",Kalispell,Kalispell CCD,"22",Z5,G4040,,,,S,"248534131","6398571","+48.2412535","-114.3215807","0","6050","0","25417","25250","13478","3865","503","124","26708","26","27985","4427","66084","69503","11198","2650"
"30","089","91134","01940614","3008991134",Flathead Reservation,Flathead Reservation CCD,"22",Z5,G4040,,,,S,"1857234904","14721200","+47.4766889","-114.5637949","0","18239","0","11448","9942","3188","181","6719","501","622346","307","403428","790135","136138","59472","9366","8542"
"30","089","92688","01940691","3008992688",Plains,Plains CCD,"22",Z5,G4040,,,,S,"2319012160","14128693","+47.6041460","-114.9857302","0","17143","0","4537","5744","2004","191","16480","15","1533522","166","744158","240162","3218","8860","6130","10092"
"30","089","93507","01940726","3008993507",Thompson Falls-West End,Thompson Falls-West End CCD,"22",Z5,G4040,,,,S,"2973175195","47527133","+47.8286408","-115.6211851","1","50952","268","12957","9905","2621","567","38612","4574","2654518","4997","418547","123034","2224","819","12899","18843"
"30","029","93171","01940711","3002993171",South Fork,South Fork CCD,"22",Z5,G4040,,,,S,"4469169211","114480387","+47.9482835","-113.3985315","0","121574","1198","10022","3385","1242","84","111386","10388","3469470","21286","915557","410750","4791","45","10349","1414"
"30","075","90987","01940604","3007590987",East Powder River,East Powder River CCD,"22",Z5,G4040,,,,S,"3319113944","824515","+45.2846986","-105.3143599","7","7264","0","6906","1815","446","53","157","113","148884","38","2025127","1269300","29710","143266","7546","48178"
"30","075","90441","01940578","3007590441",Broadus,Broadus CCD,"22",Z5,G4040,,,,S,"1643930790","281736","+45.6114490","-105.4965906","0","3788","0","9125","3898","992","108","174","141","64526","30","702435","724119","30297","258501","3023","25744"
"30","025","90168","01940565","3002590168",Baker,Baker CCD,"22",Z5,G4040,,,,S,"2399342265","4536589","+46.2577616","-104.2255865","12","3977","0","16712","6976","4653","482","408","522","26199","71","1118556","940001","51908","482208","3163","15121"
"30","029","91449","01940629","3002991449",Glacier National Park,Glacier National Park CCD,"22",Z5,G4040,,,,S,"2499055393","73844195","+48.6508584","-113.8807753","25","74496","18865","6448","457","188","94","207850","8659","1429709","21525","930738","139575","6556","122","9174","4290"
"30","029","91932","01940653","3002991932",Kalispell Southwest,Kalispell Southwest CCD,"22",Z5,G4040,,,,S,"1327164642","24932765","+48.0318464","-114.7135630","0","26957","0","4169","3564","1153","41","3953","110","906708","412","429679","84367","2603","0","12825","25836"
"30","029","93801","01940740","3002993801",Whitefish,Whitefish CCD,"22",Z5,G4040,,,,S,"1167788340","24000319","+48.5014814","-114.5611746","0","23212","0","19800","11268","4800","782","461","6271","1033387","3568","127503","16086","34114","14270","13335","15368"
"30","051","91848","01940649","3005191848",Joplin,Joplin CCD,"22",Z5,G4040,,,,S,"802304748","765618","+48.6955642","-110.8320867","10","887","0","22482","3425","230","45","383","0","3","0","24818","158993","81092","596428","827","2685"
"30","029","90672","01940589","3002990672",Columbia Falls,Columbia Falls CCD,"22",Z5,G4040,,,,S,"1535171769","10555146","+48.7231244","-114.3700522","27","10723","12","9684","6766","3299","1017","3606","13704","1198199","11851","401144","21446","19275","7731","6924","2081"
"30","029","91911","01940652","3002991911",Kalispell Northwest,Kalispell Northwest CCD,"22",Z5,G4040,,,,S,"1020320735","19411431","+48.2773208","-114.6921277","0","20302","0","5848","3038","440","38","132","44","785565","181","272176","28865","8833","10842","10839","8097"
"30","029","90147","01940564","3002990147",Bad Rock-Columbia Heights,Bad Rock-Columbia Heights CCD,"22",Z5,G4040,,,,S,"190829470","5662744","+48.2956841","-114.1127009","0","6556","0","9839","3147","599","105","36","1376","99245","356","6479","1332","52205","26863","8087","2104"
"30","029","91964","01940664","3002991964",Lakeside-Somers,Lakeside-Somers CCD,"22",Z5,G4040,,,,S,"244773173","97452930","+48.0484905","-114.2280342","0","108152","0","5656","4837","2123","263","148","73","147352","118","27696","7500","20201","47660","5702","2770"
"30","005","90588","01940585","3000590588",Chinook,Chinook CCD,"22",Z5,G4040,,,,S,"5532510795","18807688","+48.3323735","-109.2584909","19","25819","0","26387","7834","1464","183","1841","4499","271680","475","2125170","2628581","72129","902550","37419","62048"
"30","009","92793","01940695","3000992793",Roberts,Roberts CCD,"22",Z5,G4040,,,,S,"530696547","2877319","+45.3721602","-109.2776353","0","3487","0","7425","900","200","50","20","474","7066","10","216278","216939","87389","34055","11493","7060"
"30","009","90976","01940581","3000990976",East Carbon,East Carbon CCD,"22",Z5,G4040,,,,S,"2111753076","9245152","+45.1833069","-108.6499802","9","8707","0","10784","2842","921","80","2645","438","235900","107","1736967","212838","32973","91996","11560","7861"
"30","087","91155","01940615","3008791155",Forsyth,Forsyth CCD,"22",Z5,G4040,,,,S,"812064535","7721217","+46.1733598","-106.6664101","0","7228","0","4526","6241","2281","504","128","547","122428","5","311332","334237","9192","82784","7924","21495"
"30","087","92856","01940697","3008792856",Rosebud,Rosebud CCD,"22",Z5,G4040,,,,S,"3107116304","6614855","+45.9398690","-106.5132279","0","9090","0","16741","5719","2092","465","30817","832","379643","4","843063","2010411","25222","59833","16132","59635"
"30","087","90084","01940561","3008790084",Ashland,Ashland CCD,"22",Z5,G4040,,,,S,"1164465498","171934","+45.3416453","-106.4482313","0","2735","0","1686","490","191","24","47","60","278479","0","488540","477805","2429","13607","11943","16001"
